shipmentId;districtName;townName;;;;;
be065fdd-5883-46a1-ad8c-6afb34af7ad3;QUILPUÉ;QUILPUÉ - EL BELLOTO;;;;;
47e18620-6aba-480c-9572-a225c1b4a565;ANTOFAGASTA;ANTOFAGASTA - CALETA COLOSO;;Total;Sin Town;Iguales;Formato de guion
7f88e076-cf12-4554-86a6-c624234472c6;PEÑALOLÉN;;;359;155;136;68
cbf74190-638c-4e5c-94ec-a76688fe6268;ESTACIÓN CENTRAL;;;;;;
2d30d64d-ffe9-42eb-a55d-41388fe610bc;SAN RAMÓN;;;;;;
84b8a417-6cd7-40dc-87b3-7a526f355cea;LA FLORIDA;;;;;;
1225d53f-fc52-4cb4-9994-f085d9399d74;OVALLE;OVALLE - SOTAQUI;;;;;
d6a09148-1158-44bd-af2e-6094e8ce46d2;SAN RAMÓN;;;;;;
7e34a128-ddaa-4378-85a6-8b173f2bf17c;TEMUCO;TEMUCO - TEMUCO;;;;;
96ef89a4-f226-40f1-9fd9-46b05b7b8eee;CORONEL;CORONEL;;;;;
1516f75b-8959-42ae-adfa-331100683bad;YERBAS BUENAS;YERBAS BUENAS;;;;;
339d3cc1-fb2c-4225-abc6-32550c224792;LA REINA;;;;;;
f3f53145-ca5f-490a-aa00-8311e16af767;EL BOSQUE;;;;;;
ed370130-c168-49a9-8c48-17a5ac4c9afa;ESTACIÓN CENTRAL;;;;;;
dd1c316e-88d7-456f-bf99-05c011db3715;ANCUD;ANCUD - CHACAO;;;;;
f37dae87-dcde-4bcd-a2ff-cc7e4bad3726;CONCHALÍ;;;;;;
c75b1715-e5fe-41b2-84a9-83f7940ab981;SAN JOAQUÍN;;;;;;
3c314914-5cb6-4491-a6e7-8a1341242692;INDEPENDENCIA;;;;;;
59bf28a3-1600-458c-9437-c52000f33e8d;LAS CONDES;;;;;;
9f24bac3-0215-40d8-ad56-195aaf043fc4;MAULE;MAULE;;;;;
4c5d20d4-10e9-4295-bb14-fcd140d0d5fb;LA FLORIDA;;;;;;
9f6e0678-5b7f-48c3-95cb-abbd6e2f887d;LA CISTERNA;;;;;;
a46d6a42-13fb-42cf-bcd0-87ad5d391926;INDEPENDENCIA;;;;;;
5f6ab799-589a-41e7-ad94-977d31ba619d;PUCÓN;PUCÓN - CABURGA;;;;;
10b8a610-aaf9-4a72-8667-fc34f1a71a74;MONTE PATRIA;MONTE PATRIA;;;;;
cd563e6e-4e2d-4a36-8201-b736eb6340ba;MONTE PATRIA;MONTE PATRIA;;;;;
a67724b8-0170-42a3-b52d-3d4e6890ef6c;LA SERENA;LA SERENA - LA SERENA;;;;;
3ada9d72-1bd1-4db5-a20e-d1434e7a2a65;CONTULMO;CONTULMO;;;;;
75fe9a6a-8136-44c3-a060-4c26632e9272;CERRO NAVIA;;;;;;
bf55c79d-c258-4837-a08f-45cf5559b5fb;LA FLORIDA;;;;;;
7468ad3c-d695-43b4-bce8-f8add93deda4;LOS ÁNGELES;LOS ÁNGELES - SAN CARLOS DE PUREN;;;;;
c94b67d2-b574-4199-8f56-c641f7b78ab4;MACUL;;;;;;
48ee66c4-0741-4a0a-b7cb-3b1204a091d2;PROVIDENCIA;;;;;;
54228439-1aea-4e13-958e-b81b19cd6156;MAIPÚ;;;;;;
b41ff550-a835-4f34-a943-1c2cbde62f34;ALHUÉ;ALHUÉ;;;;;
60b1c42c-6971-455a-8e28-f81d9c402886;ALHUÉ;ALHUÉ;;;;;
7a7e3d33-a337-420e-8ace-c37c49d7f56e;ANGOL;ANGOL;;;;;
ae9d5f7c-17a6-4a31-ac91-af438a5d22c7;ALHUÉ;ALHUÉ;;;;;
24c585f5-da07-4350-b652-416466113477;ALHUÉ;ALHUÉ;;;;;
264da238-21af-42b5-9a30-b89cf98232d2;ALHUÉ;ALHUÉ;;;;;
b69b4a5e-5eb0-4ec6-a7ee-971c008e3fe7;ALHUÉ;ALHUÉ;;;;;
0f06461e-2704-405f-9d2c-72a36772a868;ANGOL;ANGOL;;;;;
833f1276-7dec-487b-b8dd-29b2bdead22f;PROVIDENCIA;;;;;;
38d9db48-4f30-4e91-91b1-d0059f7eae07;NATALES;NATALES - PUERTO NATALES;;;;;
8b98c997-8b16-4a87-9506-ffec633b52f2;MACUL;;;;;;
0f054cb7-d9dc-4a7a-adb1-66ae24998d23;LA FLORIDA;;;;;;
943ed9d0-4350-458e-8614-ce542a23ade0;LAS CONDES;;;;;;
953281c6-6f60-48d5-a4ca-00240ca655c4;CORRAL;CORRAL - CHAIHUIN;;;;;
869b9618-fc41-49d5-a4a8-27121afb284c;VILLARRICA;VILLARRICA - LICAN RAY;;;;;
1a73e66e-86f0-4292-9fcf-5f6c8087e505;CERRILLOS;;;;;;
577da865-178f-4578-ad0c-cc11daeb8b2c;ALTO BIOBÍO;ALTO BIOBÍO;;;;;
9b8df4cb-77bd-4ea3-95d4-6891175d2407;ALHUÉ;ALHUÉ;;;;;
c86aa553-9af8-42d8-a517-2f2716c335c2;SAN MIGUEL;;;;;;
7a68d728-2b59-4e34-91ab-972b558442c7;ANDACOLLO;ANDACOLLO;;;;;
d1c3e4b6-c762-4000-98e2-fbf8fa7bd3b8;LA FLORIDA;;;;;;
88b21f2f-86ec-4a44-bb0c-48d6fbb02a6d;QUINTA NORMAL;;;;;;
8b25f85e-a75a-4761-8f95-252a6c56520c;CAUQUENES;CAUQUENES - CAUQUENES;;;;;
68569f47-3b78-44d9-8d54-527484d418ed;HUECHURABA;;;;;;
e868b3bc-dde7-4e89-8f71-d2d7e0123405;QUILICURA;;;;;;
0554dde7-1479-45d5-a318-cf87b06cef4c;PUENTE ALTO;;;;;;
7bbd9e54-d324-4268-aad3-e268f05e15a4;ALHUÉ;ALHUÉ;;;;;
998bdaae-6491-42b3-9dd0-aa6aca80ebfb;ALHUÉ;ALHUÉ;;;;;
5d13ffe2-c4d3-40e8-855d-c334d9958936;ALHUÉ;ALHUÉ;;;;;
490d4c92-19f8-47e1-a098-fc0746b0b5ea;BUIN;BUIN - MAIPO;;;;;
53ff899a-7cb9-4758-bf3d-da6835e8602d;ANCUD;ANCUD - ANCUD;;;;;
7cf88f74-7932-40f8-a9e7-aa02ce8f104e;ANCUD;ANCUD - ANCUD;;;;;
9047b04e-43c0-434d-b089-caeda9ab3e05;ALHUÉ;ALHUÉ;;;;;
a19d09e3-1804-4999-9d68-ce829c545083;MACUL;;;;;;
276ba275-a844-418b-a4c0-d4ee867786bb;ALGARROBO;ALGARROBO - ALGARROBO;;;;;
6ee4c1a0-7d0b-4961-a4ad-8fe4a4da5d2f;ANGOL;ANGOL;;;;;
db6d26d8-a0a5-444c-80b5-cf9bd31f2721;ANGOL;ANGOL;;;;;
f8afe8b5-8db5-4e4a-a657-5724acc6857c;DIEGO DE ALMAGRO;DIEGO DE ALMAGRO - EL SALVADOR;;;;;
bfc76ce1-ca4f-4f31-a8b1-32d5f3e6baca;PENCO;PENCO - LIRQUEN;;;;;
34b02572-e3e2-47d8-b475-c49eb343ae9c;EL BOSQUE;;;;;;
ea9767ce-6395-478c-8677-8dff2522556f;PENCO;PENCO - LIRQUEN;;;;;
27321d26-933c-4a6a-8897-6b9fbb00cb06;DIEGO DE ALMAGRO;DIEGO DE ALMAGRO - EL SALVADOR;;;;;
20c01de7-d901-42bd-a6d7-2eeee79a469e;PEÑALOLÉN;;;;;;
290e455f-4598-4d80-82fc-5f0fe1d56f1c;ALGARROBO;ALGARROBO - ALGARROBO;;;;;
613b8659-4a4c-4d59-9b42-2c85b34db571;ALGARROBO;ALGARROBO - ALGARROBO;;;;;
ae629f61-65db-4640-a336-0d16cd2994f9;ALHUÉ;ALHUÉ;;;;;
a6f9fae6-8aac-4c77-ad01-95f7880f3331;ALHUÉ;ALHUÉ;;;;;
ef87a03c-21aa-49e5-87d8-1606ee50d0ea;ALHUÉ;ALHUÉ;;;;;
4f2e67c9-7425-46ca-9b42-fbc620365d10;ALHUÉ;ALHUÉ;;;;;
eac5cde8-4e85-4942-a2d2-3567060a5149;DIEGO DE ALMAGRO;DIEGO DE ALMAGRO - EL SALVADOR;;;;;
d6526624-9199-4e28-acfd-b18e37ef0cb6;QUELLÓN;QUELLÓN;;;;;
719e545b-00bc-4f4e-aeda-2dc2ecb9ede2;CERRO NAVIA;;;;;;
e8090bfc-ee8f-484b-814c-cd4c1bdcc116;ALHUÉ;ALHUÉ;;;;;
0949cf01-9ba6-440f-8c83-de46fcbf6ace;RENAICO;RENAICO - MININCO;;;;;
52d2d481-957c-46f0-9f67-8a653f86e631;SANTA MARÍA;SANTA MARÍA;;;;;
b359a3c1-b5b7-4e74-86ad-6bbbaf7e26f9;SANTA MARÍA;SANTA MARÍA;;;;;
58600b21-e9cd-436f-a490-4b289f1adace;ALGARROBO;ALGARROBO - ALGARROBO;;;;;
69221fc6-c454-499e-ad32-ef88c05fb28e;ALTO BIOBÍO;ALTO BIOBÍO;;;;;
7ec2874f-8b45-430e-a0fb-5f5af15beaf9;ALTO BIOBÍO;ALTO BIOBÍO;;;;;
3d0ce630-a477-46a4-b5b2-cdddac397433;ALTO BIOBÍO;ALTO BIOBÍO;;;;;
0f04b618-7b18-421b-b4f4-8c2c161d5dd7;PUDAHUEL;PUDAHUEL - PUDAHUEL;;;;;
9720212e-5eae-4500-916e-8f9774c436a9;CATEMU;CATEMU;;;;;
0b319af9-7e98-4006-8167-38cd5fc28df4;RETIRO;RETIRO;;;;;
833a3b02-0753-4bcd-864b-c5dc9a25ff8c;ANCUD;ANCUD - ANCUD;;;;;
603264ae-4bc2-4717-99c7-7dac104b0fd5;ALGARROBO;ALGARROBO - ALGARROBO;;;;;
68d71923-a954-4f14-a3c2-d7ec29a12f15;ALTO BIOBÍO;ALTO BIOBÍO;;;;;
c5a9d708-4d37-4da4-b910-3f7355ff5b18;MARÍA PINTO;MARÍA PINTO;;;;;
d139d5b3-46e9-4fc5-8bf0-38aa19658ce6;ALGARROBO;ALGARROBO - ALGARROBO;;;;;
ccac3500-484b-4e68-9144-c7d4caabb646;PEÑALOLÉN;;;;;;
4afc0c14-40d0-48ad-8320-0df1d1249a20;OLMUÉ;OLMUÉ;;;;;
64854910-645d-4afd-8d5c-473a55e109fb;SAN RAFAEL;SAN RAFAEL;;;;;
a4bb3ca5-eb9f-45a7-a1cb-69dc1b6db6e1;MOSTAZAL;MOSTAZAL - MOSTAZAL;;;;;
be8692aa-ffcc-4090-99be-15df81576668;TENO;TENO;;;;;
9244c766-6d53-46b4-b35b-1a26644baa6c;VILLA ALEMANA;VILLA ALEMANA - VILLA ALEMANA;;;;;
acafe418-15cc-4d3d-a27a-683c8f93a6ea;ALTO BIOBÍO;ALTO BIOBÍO;;;;;
869338c0-3b6e-42cc-8544-6ed245055896;SAN FELIPE;SAN FELIPE;;;;;
82312bff-ec59-4d74-ad32-85cc6cab2ba9;LOS LAGOS;LOS LAGOS - ANTILHUE;;;;;
f523ad03-3c1a-4933-8100-ec616782fb27;PUNTA ARENAS;PUNTA ARENAS;;;;;
06fc3d83-886f-498d-a896-a427aa848381;ZAPALLAR;ZAPALLAR - CATAPILCO;;;;;
2b582fe8-e8d8-4011-a9c6-49cf7071fe68;ESTACIÓN CENTRAL;;;;;;
b5a56df4-2607-448c-a9b9-ba18ef8b2c26;INDEPENDENCIA;;;;;;
00e0c422-e551-40bb-87e6-4e0b398a49c5;INDEPENDENCIA;;;;;;
adfee481-a1ea-4b40-aa9e-f542722fed17;LOS ÁNGELES;LOS ÁNGELES - SAN CARLOS DE PUREN;;;;;
2b1076e9-dd29-4a63-bdbc-be27541985b4;ALTO HOSPICIO;ALTO HOSPICIO;;;;;
12c8ee8c-a4f5-4e7a-833e-4d2a6e390e6a;ALHUÉ;ALHUÉ;;;;;
2f91bad3-315f-4c20-93c2-a717f2ca412b;TENO;TENO;;;;;
43b311c9-a525-4a7a-ae1d-8d5c31dc6095;ALHUÉ;ALHUÉ;;;;;
3f8ae090-3c80-4de0-ab54-f8d180c0b5d2;QUILICURA;;;;;;
bec6d998-be8d-45ae-859a-efad55eb3610;INDEPENDENCIA;;;;;;
3a43c54d-99ec-49cd-b239-6d2ddeed3469;CHIGUAYANTE;CHIGUAYANTE;;;;;
449e98c8-00a6-4787-a9a1-c1c701503c12;LA FLORIDA;;;;;;
bf11b4b0-fe22-47b3-8a7a-09f4f2a2992c;ALHUÉ;ALHUÉ;;;;;
d38649db-4527-47d9-886b-16447da72dd8;CAUQUENES;CAUQUENES - CAUQUENES;;;;;
3a66e334-17b6-49a1-b2ed-82e246539561;LAS CONDES;;;;;;
16d0e2fe-5b54-4d28-98f7-0acc19841901;PEÑALOLÉN;;;;;;
91388628-d129-4a24-9754-ad05355747b6;ALTO BIOBÍO;ALTO BIOBÍO;;;;;
8c1b440a-0372-40ae-bdbb-ebcdbb499fcd;COLINA;COLINA - CHICUREO;;;;;
45249864-a943-4a2c-a8d2-930a6308c648;VILLARRICA;VILLARRICA - LICAN RAY;;;;;
25a971f2-e9c9-4ca3-859f-1bc8bbe53ebd;PUMANQUE;PUMANQUE;;;;;
40316980-c79a-40ed-9892-66785aec37b9;ÑUÑOA;;;;;;
515fe199-b996-4a96-a48c-9b46e9b1d05e;PUNTA ARENAS;PUNTA ARENAS;;;;;
b6a39ee5-698d-431f-aec1-dca0c4bbf698;EL MONTE;EL MONTE;;;;;
4035f7c2-6e36-4a2b-ae51-36f0589b5b85;LA FLORIDA;;;;;;
d4821121-a81c-424b-8917-12f456132fbb;PUNTA ARENAS;PUNTA ARENAS;;;;;
eb0d293b-f2a6-4df4-b0b3-dc67c212a524;ÑUÑOA;;;;;;
98fa1a5b-d2df-432f-9e57-a022eb50ccb3;ALHUÉ;ALHUÉ;;;;;
b9257758-9c09-40da-bba6-44070d598edd;CHIGUAYANTE;CHIGUAYANTE;;;;;
cb9b0ac5-05a0-4b05-a0a4-340b6c004d5f;ALHUÉ;ALHUÉ;;;;;
0ac8df75-6f2f-4502-a520-e1c8ceba5ea4;RENCA;;;;;;
0cf2cb3b-a2d7-487d-af08-5dbc66ea1178;CHIGUAYANTE;CHIGUAYANTE;;;;;
cd7c7723-0425-4b5f-b495-3d1103c596ed;MAIPÚ;;;;;;
3fca62f0-f7a8-4f59-9242-872dc8b3fd3a;PEDRO AGUIRRE CERDA;;;;;;
55f5dc72-ff2a-418c-8eda-9ffa7d9836c9;HUALPÉN;HUALPÉN - HUALPÉN;;;;;
7d73c148-b59b-4dc7-89cc-874955978f78;PUDAHUEL;PUDAHUEL - PUDAHUEL;;;;;
66da0020-4e43-46e8-b628-6e30aac10789;MAIPÚ;;;;;;
72cbe416-8b6e-4dde-acb8-f2854ed31122;LAMPA;LAMPA - BATUCO;;;;;
55dcefdd-12b8-4148-8706-d55cd8ace2a9;MAIPÚ;;;;;;
2b1d2dfa-7b28-4acc-9d98-1d104d5a61c4;MAIPÚ;;;;;;
c1797adb-d668-4949-b627-28886b49f2c5;PUNTA ARENAS;PUNTA ARENAS;;;;;
1e4c9b71-aefe-4998-9dca-4c12924c3951;MAIPÚ;;;;;;
d8449392-76ff-41b7-a647-fe1928350e50;MAIPÚ;;;;;;
6cde8b1d-3819-4a40-aa35-f4dcd6831341;PEÑALOLÉN;;;;;;
a2df6d01-e811-40ab-941f-0b8935b9fcde;MAIPÚ;;;;;;
d585aa10-7cc8-4510-ad61-eec5d5f68f35;LA FLORIDA;;;;;;
dadc7ba2-9094-4e36-bac0-f2ceaad579b3;MAIPÚ;;;;;;
8537533d-e3dd-4de2-997c-04389687a981;CHILLÁN;CHILLÁN - QUINCHAMALÍ;;;;;
65dcefd9-4ee6-41d8-8731-27653512f998;PEÑALOLÉN;;;;;;
b180c8dd-75f1-4891-9c5e-341dfac66859;PEÑALOLÉN;;;;;;
5d1730a6-9119-4214-8859-02b808f57c39;RENCA;;;;;;
2e475fde-4be1-4a91-bd5d-3bd88adf310a;MAIPÚ;;;;;;
c95deb99-7d48-4372-80d5-e4798d2abbe5;MAIPÚ;;;;;;
0cbed80f-e861-4491-8709-c583cc1bf7d6;MACUL;;;;;;
5dcee817-0e89-4da8-9237-125a38663762;ESTACIÓN CENTRAL;;;;;;
de3bb907-93ee-439f-bcea-d30d570f6387;EL BOSQUE;;;;;;
d8e1c67a-3ba1-4f20-aa52-b3210cf9ac12;RANCAGUA;RANCAGUA;;;;;
40ec69ff-a9f2-4b43-8479-3f7aadb5bee4;PADRE LAS CASAS;PADRE LAS CASAS - SAN RAMÓN;;;;;
2ba5da19-e6d7-48c1-9be4-ddac9727a68e;CHÉPICA;CHÉPICA;;;;;
3021bf57-8334-439d-a386-adf8990252c6;TEMUCO;TEMUCO - LABRANZA;;;;;
396702fe-1392-43c0-8b95-64543bff8d40;LA GRANJA;;;;;;
7e0d60d5-62e5-43b6-b3eb-067598308837;LAS CONDES;;;;;;
1110bc95-6bff-4882-9aef-126931f7d444;PEÑALOLÉN;;;;;;
e7ff5084-4e07-42cb-af19-556938f13774;SAAVEDRA;SAAVEDRA;;;;;
c20ae9b3-0321-4440-8509-0ab56b35e183;SAAVEDRA;SAAVEDRA;;;;;
72d790c1-2e00-4341-ada9-1f41a1611781;SAAVEDRA;SAAVEDRA;;;;;
0e204443-e647-4471-afc4-513ff14082d2;NANCAGUA;NANCAGUA;;;;;
6b18dc2b-0e48-4bb9-bcff-93dd70d5be06;MAULE;MAULE;;;;;
01da602b-c95b-41ef-abfa-4d04d0ba2aaa;CATEMU;CATEMU;;;;;
ef025b1e-3485-4bbb-a828-795e70956d90;CATEMU;CATEMU;;;;;
5de6efd7-001a-49ef-a51b-8b9dc72c9c05;CARTAGENA;CARTAGENA;;;;;
b118ad3d-d5dc-434f-b62c-1d7035c912a2;CATEMU;CATEMU;;;;;
f85ce067-cc6d-477a-a630-21022442ff14;ALGARROBO;ALGARROBO - ALGARROBO;;;;;
7147fe10-3198-4b7c-a7d6-451fb41e0ef6;CAUQUENES;CAUQUENES - CAUQUENES;;;;;
61f5cd54-fa68-425b-86ce-2db4cd1c53ed;VILLARRICA;VILLARRICA - LICAN RAY;;;;;
88803164-2ea7-4bdf-8991-779b5d5f6117;LAS CONDES;;;;;;
5fe4d6df-17c2-4c28-9490-ebdce91c3909;ALHUÉ;ALHUÉ;;;;;
10248dbf-965f-4f8f-b80a-95ee5e3e24e7;LOTA;LOTA - LOTA;;;;;
f882462c-e80a-4a94-a9e3-e5dee71c2a03;PEDRO AGUIRRE CERDA;;;;;;
954fd920-4406-4068-bfcf-024d7d3b00a1;LOTA;LOTA - LOTA;;;;;
ef474b74-de8d-436b-8d30-e48a69d59121;LA PINTANA;;;;;;
f812baeb-5c05-4391-b4dc-78529635322a;ALTO HOSPICIO;ALTO HOSPICIO;;;;;
0503e4e5-9264-4151-8af6-aabb6e951681;SAN PEDRO;SAN PEDRO;;;;;
fc4b8a3e-d84c-4bbf-b6f1-bf1ceef9e109;ALTO BIOBÍO;ALTO BIOBÍO;;;;;
887c1f91-eba9-4294-9687-86fa4416415e;ALHUÉ;ALHUÉ;;;;;
52f343b1-7d74-4817-8916-f65aaa956ba2;CERRILLOS;;;;;;
6a33ab29-1165-4415-8a80-b9b99b9cac47;ALTO BIOBÍO;ALTO BIOBÍO;;;;;
87f4e669-922e-4191-817e-13bd5d0c4e1b;TOMÉ;TOMÉ - PUNTA DE PARRA;;;;;
8d41a723-3933-46f6-9694-5b56fe88a2a8;SAN MIGUEL;;;;;;
fbae8719-2e6e-4099-a36a-ef98e938fdc7;RENCA;;;;;;
a5092d65-f184-46a7-8896-c7bbeced7d4a;ÑUÑOA;;;;;;
4dec94d4-1045-4aa5-aa8d-8fc88e65b70f;ALTO BIOBÍO;ALTO BIOBÍO;;;;;
7287d618-fb86-4e36-aff0-2bd9e11235b3;QUINTA NORMAL;;;;;;
4aa87e82-f203-4e39-8e86-a6e02c82b26e;MAIPÚ;;;;;;
035b6a9a-4ce5-4aab-8e87-8df256e1d6d7;ÑUÑOA;;;;;;
c90699da-3d71-4d5b-81cb-5dff4372b9ed;LA PINTANA;;;;;;
e96d4023-ea76-424f-9230-c6fe538f1ad1;LA PINTANA;;;;;;
a6971609-60a7-40a3-8703-41e2a1ddb85d;MARÍA PINTO;MARÍA PINTO;;;;;
ce214de4-b427-432b-bda5-d6f8f94c6dcb;PEÑALOLÉN;;;;;;
d789d5f0-0f5e-43a4-918e-b3ef0acc19df;PUERTO OCTAY;PUERTO OCTAY;;;;;
b6d810df-4da3-4331-a047-686945d7b377;PROVIDENCIA;;;;;;
0ee59e49-a3d8-4e9f-80d1-27c0235f0381;MAIPÚ;;;;;;
94ff7d2d-93c3-406f-9b4a-c8304440f6b2;MAIPÚ;;;;;;
4f7e7429-28da-46ed-a55a-a3acc42ea4f0;LAS CONDES;;;;;;
358d0939-3328-4981-879e-09f6b1665177;LO ESPEJO;;;;;;
a0d645d8-5a5d-435b-a08a-7204278556ba;PUDAHUEL;PUDAHUEL - PUDAHUEL;;;;;
7f1e369c-2375-4c57-b101-1c4a82627c7f;RECOLETA;;;;;;
bb8b96cb-cde0-42e8-8e3b-15c3227c2ba5;LA SERENA;LA SERENA - LA SERENA;;;;;
7f8901e8-7c6f-4637-b7ee-413dd9319b12;CURACAVÍ;CURACAVÍ;;;;;
44fe053e-92cf-498f-8b25-c6a3c0c34aae;LA FLORIDA;;;;;;
e11e7462-13b3-4a2f-bb54-c98808f5db98;ALGARROBO;ALGARROBO - ALGARROBO;;;;;
3407e33e-5a0d-40e5-821b-d6a3ec8edd87;CHÉPICA;CHÉPICA;;;;;
56a26bd5-46a7-465b-acc7-0c81cf97b474;LONCOCHE;LONCOCHE;;;;;
343aaaaf-5cc8-472f-8a13-38d67229aa77;ALHUÉ;ALHUÉ;;;;;
37abec13-67c3-4e56-9be9-63a1d8dd9662;ALHUÉ;ALHUÉ;;;;;
86ce39e5-9574-4c87-9634-0a1bbf301212;ALTO BIOBÍO;ALTO BIOBÍO;;;;;
7f804252-5729-4a88-8493-238ad4e71911;ALTO BIOBÍO;ALTO BIOBÍO;;;;;
29709dec-f039-403b-b58d-85f2571d4681;LA FLORIDA;;;;;;
780e1453-8aeb-479d-b9fb-c76e01893bad;ALTO BIOBÍO;ALTO BIOBÍO;;;;;
9423ca51-fae6-40bc-a051-136e975ca40f;ESTACIÓN CENTRAL;;;;;;
ecee2759-716a-4973-96b7-e512f9f37157;QUILICURA;;;;;;
cc19279b-3611-44b2-92e3-0c168463151c;PUNTA ARENAS;PUNTA ARENAS;;;;;
a0c27a5e-74f6-4992-9852-c05324c4119e;ANCUD;ANCUD - ANCUD;;;;;
6b3c3ec0-a4e9-4084-88ed-789ad3b4d0d3;MAIPÚ;;;;;;
abb8779a-5d1c-4aa2-a092-eab018fbbf75;CURARREHUE;CURARREHUE;;;;;
d2fdc574-49a2-470e-a932-4868b05dc0cb;TEMUCO;TEMUCO - CAJÓN;;;;;
ac0e8578-fe99-4bd3-99e8-5d27333526d8;EL BOSQUE;;;;;;
fd088675-4da6-4ef4-a9a1-4acc828151d6;ÑUÑOA;;;;;;
de58178c-990f-4937-a1d6-c76480ec1ade;MARÍA PINTO;MARÍA PINTO;;;;;
312459d6-1c50-423e-9a33-a35944fea20d;SAN MIGUEL;;;;;;
9add3436-8e40-4c71-accd-bf8b3e78dd0d;ÑUÑOA;;;;;;
c3961746-1583-40e9-8639-bce0cc7f4215;LA CISTERNA;;;;;;
cede75f3-5f23-4288-8cda-b3451bfc799a;PEÑALOLÉN;;;;;;
accbb08e-f0a3-4b2b-8e01-d5f96d319259;PEÑALOLÉN;;;;;;
f15d906e-70cb-4888-afa4-7d1647fe2fe5;SAN PEDRO DE LA PAZ;SAN PEDRO DE LA PAZ;;;;;
3fd7d62a-7ad9-4864-aa75-fb9d4fde074d;QUILICURA;;;;;;
026325af-70bd-464a-a568-57aae962a97f;QUILICURA;;;;;;
eba4349a-53b7-4cbb-9cb3-638e407ead15;ANCUD;ANCUD - ANCUD;;;;;
edc70ad9-838c-4b42-a538-52b1bfe94645;ALTO BIOBÍO;ALTO BIOBÍO;;;;;
b135e399-0eb0-4525-bf3d-12d6bd7d0b6e;VITACURA;;;;;;
d2b8ffb1-a4c2-4dd1-9856-73d4e8b0175c;QUINTA NORMAL;;;;;;
951c197e-4d11-4312-bc01-62ee3f0cc302;CHÉPICA;CHÉPICA;;;;;
c2ff930e-fc73-4ae9-89d8-c610ff3f7cd7;QUILICURA;;;;;;
b07d0f2d-59cc-403f-b77e-ee8fc00bb3b4;CAUQUENES;CAUQUENES - CAUQUENES;;;;;
ca870415-b911-4b77-b803-dcd5dcca15e5;PUMANQUE;PUMANQUE;;;;;
89b266dc-7c8e-4a5c-9f15-3d500b3a126c;ALTO BIOBÍO;ALTO BIOBÍO;;;;;
04c93423-9122-4308-b539-8a6a4780acc9;QUILICURA;;;;;;
cd5277ee-655a-4561-89f8-7a3576c868f1;PEÑALOLÉN;;;;;;
cf805793-6326-4be1-90da-dec8c165f712;ALTO BIOBÍO;ALTO BIOBÍO;;;;;
695dd4b5-99c7-485d-8e00-90f270e9311d;ÑUÑOA;;;;;;
fb3b8177-b6b6-4e65-9570-cec33e97080d;MARCHIHUE;MARCHIHUE;;;;;
b25dba48-419d-466e-beb3-f0fa158b84c8;CURACAVÍ;CURACAVÍ;;;;;
49d14d3b-2116-43ee-9196-96e3998db109;LONGAVÍ;LONGAVÍ;;;;;
20c3b91d-c55b-4015-a943-7394b65e60e9;MAIPÚ;;;;;;
fec20dfa-89af-4085-90db-5f2d8d3371fb;SAN FELIPE;SAN FELIPE;;;;;
d4cc20c3-0813-4b74-bd08-26ba59caa9ce;PUENTE ALTO;;;;;;
54dfd9a6-2a02-438a-9b14-7366766f42d0;QUINTA NORMAL;;;;;;
e5fc4afe-ed46-436e-a0b4-a8996d118945;RECOLETA;;;;;;
4e07b79b-bf81-4aba-878b-f1b91a37d31d;QUINTA NORMAL;;;;;;
72d27187-2b82-4de7-9b0d-f5910ffbfc2b;QUINTA NORMAL;;;;;;
f358bd15-9607-41d2-8761-2f67cf559994;PROVIDENCIA;;;;;;
53b72817-b0fa-4d80-a818-265769c4bc4b;VICTORIA;VICTORIA;;;;;
790edddc-f488-43f1-ae18-eee31008586c;QUINTERO;;;;;;
d07652dc-7c20-4ce1-bd5e-3868dca9e463;SAN MIGUEL;;;;;;
10cd6c4d-56d6-4f68-987c-de0474c7d24b;CERRILLOS;;;;;;
26a8374d-02e4-4268-abc6-c7cc166a32de;PUENTE ALTO;;;;;;
c1b49ae0-4d9c-4db4-8060-d448a4bcb23a;LA GRANJA;;;;;;
15ccdd50-cb5d-43f3-adb7-3139e2807ad8;SANTIAGO;;;;;;
35b7ca95-2ce0-41ce-a7ac-0255f3fb6ed4;ALHUÉ;ALHUÉ;;;;;
f5529185-d607-4a2b-b6ce-b4854ddb82f7;CHOLCHOL;CHOLCHOL;;;;;
45e45535-f37a-413c-a6f6-25fd5641f8c4;MONTE PATRIA;MONTE PATRIA;;;;;
88b88249-7d4d-4d16-91ff-65959939cb4e;ALGARROBO;ALGARROBO - ALGARROBO;;;;;
f6cbd63a-87ac-447d-8a05-f467219145ec;MAIPÚ;;;;;;
7ef509ca-1986-473c-a3b1-3bab733b80bf;CURACAVÍ;CURACAVÍ;;;;;
c046b66c-8d24-40cc-ac85-1acd24494d93;PUDAHUEL;PUDAHUEL - PUDAHUEL;;;;;
4b222b06-03b0-42b6-912f-44cd76d7a153;SAN PEDRO DE LA PAZ;SAN PEDRO DE LA PAZ;;;;;
08396ac6-6c10-447a-8c51-13cc3e56e026;PEÑALOLÉN;;;;;;
c01ec4f8-25c0-464b-8dbd-ef6ebd63b139;EL BOSQUE;;;;;;
36d11210-6261-4eb9-bc76-3e5f95351ce3;ALHUÉ;ALHUÉ;;;;;
26627e14-a0bb-476a-9768-961631149d93;COQUIMBO;COQUIMBO - TONGOY;;;;;
10a9c8fc-3f44-4da9-b054-f0435d2b161d;MACUL;;;;;;
e8c5f86d-9fb2-47f7-b097-d6ab3d78f627;SAN JOSÉ DE MAIPO;;;;;;
d1e1e97a-263c-4b63-aa95-d11ccbce7ea1;PUENTE ALTO;;;;;;
ac50e466-4c2f-4326-998d-5544547bd4d9;ÑUÑOA;;;;;;
a1d6e798-3d67-4636-b7bb-d9763a0587cd;PUNTA ARENAS;PUNTA ARENAS;;;;;
ed072f14-4a31-48b2-9fe7-9d4474427931;LO ESPEJO;;;;;;
41fd4325-5242-4e0f-845f-e5e7f8f0efd8;MOSTAZAL;MOSTAZAL - MOSTAZAL;;;;;
d47796c6-ccb1-411c-9270-d801d94731fa;VALPARAÍSO;VALPARAÍSO - RODELILLO;;;;;
5891e2e3-42a3-4a4d-8362-dd1408720371;SANTA MARÍA;SANTA MARÍA;;;;;
b525e558-1b6e-4d89-b008-95a3519afdd5;ALTO BIOBÍO;ALTO BIOBÍO;;;;;
1225d7d9-b351-4517-8e99-f50aeb68f59e;ALTO BIOBÍO;ALTO BIOBÍO;;;;;
6c038f22-d0a5-43ec-b22d-bd0efbec9536;MAIPÚ;;;;;;
329c7246-fe13-4d71-b0fa-1867b9bcac15;MACUL;;;;;;
8dae0ab1-d133-4e2b-8839-7125a6496019;MACUL;;;;;;
44b0590e-7503-4342-a65c-476e5476f20c;MACUL;;;;;;
fde00936-af7c-4bb2-a66e-6ca1fa648e30;CHÉPICA;CHÉPICA;;;;;
e5c97e0d-7727-45be-a450-858e6dacb737;CAUQUENES;CAUQUENES - CAUQUENES;;;;;
04851246-7fee-4470-a4e1-560d64cf4b19;RANCAGUA;RANCAGUA;;;;;
5ce1d665-47ad-4797-af16-3fd8a3fb4f01;CAUQUENES;CAUQUENES - CAUQUENES;;;;;
4e3ba038-0cf1-4993-81bd-7b45e2c005b8;CORONEL;CORONEL;;;;;
4d76c706-8c06-4e1c-9795-d3e13a69b7b5;MARCHIHUE;MARCHIHUE;;;;;
4eed1461-f924-4725-96d9-516ff274d34e;SAN MIGUEL;;;;;;
a7dfe4cd-aa8b-48a8-a126-492d7e837c20;PUENTE ALTO;;;;;;
34fcb678-e350-4759-9498-9463add5d328;MARÍA PINTO;MARÍA PINTO;;;;;
5f0bb439-a5af-4f41-8808-61c3668c9625;ALTO BIOBÍO;ALTO BIOBÍO;;;;;
fb39a232-a271-4d1c-a614-feeb75b87b87;ALTO BIOBÍO;ALTO BIOBÍO;;;;;
facf1610-110d-4eff-b7b8-5ef5ab76b246;MARÍA PINTO;MARÍA PINTO;;;;;
29fa435c-a04d-48ef-b314-049400d3f94e;ANCUD;ANCUD - ANCUD;;;;;
3cd39778-33b8-4592-bf53-e367ec3dd5b0;COMBARBALÁ;COMBARBALÁ;;;;;
21cec442-5d17-4ccd-8a72-94f206cedc7b;RECOLETA;;;;;;
790e3aa5-a7b7-40a3-a2ca-1a92c9a446e7;PUNTA ARENAS;PUNTA ARENAS;;;;;
015b36cf-8c2f-422f-b030-7ca1f282b95c;CERRILLOS;;;;;;
6d47be34-37a2-48b8-a5cd-c6774073a1d2;CERRILLOS;;;;;;
d8cfb7d9-416a-4d59-989a-6ec5d0532da8;LAS CONDES;;;;;;
c591fca5-19c7-41ce-be2a-323c50496b6d;PUNTA ARENAS;PUNTA ARENAS;;;;;
6e1b2c55-8429-4e41-b850-24030c323050;PUNTA ARENAS;PUNTA ARENAS;;;;;
da149a11-f3fb-4555-9fb4-cd16a7349471;PUERTO MONTT;PUERTO MONTT - PUERTO MONTT;;;;;
4961d744-7720-46e1-8260-6530dbf38f5a;QUILICURA;;;;;;
435be4a9-3a60-4a92-8d14-63f998654d12;PORVENIR;;;;;;
77efceef-07cb-4b4f-8a5d-170c382f0d1f;PUNTA ARENAS;PUNTA ARENAS;;;;;
c1e769d8-ab91-4e55-8160-d5df5d69b36d;PUNTA ARENAS;PUNTA ARENAS;;;;;
01bb1f00-798d-49ca-8594-359f3083ceb1;PUNTA ARENAS;PUNTA ARENAS;;;;;
0a9b1066-0241-4a6f-9e34-5fa1cbf5d350;VILCÚN;VILCÚN - CHEQUENCO;;;;;
3ae9bead-9fcb-4e8f-989d-5aefd45b1446;CUNCO;CUNCO;;;;;
80f55d85-dbf0-463b-9708-b95cce093485;PEDRO AGUIRRE CERDA;;;;;;
a11aeee5-a434-461d-8122-bfb2ff7cb9e9;LA REINA;;;;;;
47b8d3fc-ee4f-4e04-860c-896d71923f93;EL MONTE;EL MONTE;;;;;
7385f457-1c4a-44b3-b808-176ebddd9c24;SAN PEDRO DE ATACAMA;SAN PEDRO DE ATACAMA - TOCONAO;;;;;
c89a792b-b0c0-4dda-a5a0-d67a490aca3e;ANDACOLLO;ANDACOLLO;;;;;
09cc1372-824d-4e4b-ae89-fb60edc237eb;EL BOSQUE;;;;;;
26162891-8df8-40f5-9462-cd44d9b70662;PUMANQUE;PUMANQUE;;;;;
189918e7-48a4-455b-8500-d064b5a36199;CASTRO;CASTRO;;;;;
24495e2b-d056-445d-a010-b5bcd8fa0134;MEJILLONES;MEJILLONES;;;;;
c3c9c90d-8d58-4f54-8f0b-b7dbf54e8885;ALTO BIOBÍO;ALTO BIOBÍO;;;;;
53a8b6c1-d412-4297-8715-f3a9208d09c1;SANTIAGO;;;;;;
beb3fec8-2116-4156-9c3a-e0449714c671;RECOLETA;;;;;;
824c8793-eac3-4ff7-8ad2-48cdcfc37d20;LO ESPEJO;;;;;;
f3536396-e888-441a-8197-6d43cd6d3c39;ALHUÉ;ALHUÉ;;;;;
05a15dd1-131f-4438-b709-5ab4c28cd8a8;PROVIDENCIA;;;;;;
751a2da3-19af-44c9-a164-b118352e0732;SAN MIGUEL;;;;;;
f831e70f-48b4-47db-9094-9b8a097f3521;MACUL;;;;;;
71587bb7-cb12-491c-a679-38d81c488cba;CHIGUAYANTE;CHIGUAYANTE;;;;;
4eaad110-e4b4-491a-94da-68308588aae1;RECOLETA;;;;;;
01fb2724-67f3-4a46-97c7-7e18b26deb93;PUENTE ALTO;;;;;;
f1056b54-c692-493b-82ad-85def241e358;PUENTE ALTO;;;;;;
2f2c9bca-2aeb-43d5-badd-fb2ff0582517;QUILPUÉ;QUILPUÉ - EL BELLOTO;;;;;
2b3c5295-eb39-4b32-b8ef-2f2ccd0f15c0;RENCA;;;;;;
